Comment,Designator,Footprint,LCSC
100nF,C32,C_0805_2012Metric,
10nF,C15,C_0805_2012Metric,
AP7343-33W5-7,U6,SOT95P285X145-5N,
15k,R22,R_0805_2012Metric,
10uH,L1,L_0805_2012Metric,
9.1k,R21,R_0805_2012Metric,
LED_GREEN,D1,LED_0805_2012Metric,
15k,R10,R_0805_2012Metric,
100nF,C12,C_0805_2012Metric,
100nF,C2,C_0805_2012Metric,
100m,R25,R_1206_3216Metric,
100nF,C8,C_0805_2012Metric,
5.1k,R19,R_0805_2012Metric,
100nF,C20,C_0805_2012Metric,
100nF,C23,C_0805_2012Metric,
5.1k,R20,R_0805_2012Metric,
100nF,C11,C_0402_1005Metric,
1M,R17,R_0805_2012Metric,
10nF,C26,C_0805_2012Metric,
18pF,C6,C_0402_1005Metric,
8.2k,R6,R_0805_2012Metric,
1M,R29,R_0805_2012Metric,
10k,R2,R_0805_2012Metric,
5.1k,R3,R_0805_2012Metric,
LED_RED,D3,LED_0805_2012Metric,
1M,R18,R_0805_2012Metric,
18pF,C9,C_0402_1005Metric,
10nF,C5,C_0805_2012Metric,
DRV8825PWP,DRV1,IC_TPS61196PWPRQ1,
1uF,C1,C_0805_2012Metric,
100nF,C3,C_0805_2012Metric,
9.1k,R23,R_0805_2012Metric,
TS-1187A-B-A-B,PA0,SW_TS-1187A-B-A-B,
32.768KHz ±20ppm 12.5pF,Y1,Crystal_SMD_3215-2Pin_3.2x1.5mm,
1uF,C17,C_0805_2012Metric,
LED_RED,D4,LED_0805_2012Metric,
5.1k,R30,R_0805_2012Metric,
9.1k,R11,R_0805_2012Metric,
100nF,C28,C_0402_1005Metric,
100m,R14,R_1206_3216Metric,
5.1k,R31,R_0805_2012Metric,
LED_RED,D6,LED_0805_2012Metric,
100nF,C13,C_0805_2012Metric,
LED_RED,D5,LED_0805_2012Metric,
100m,R26,R_1206_3216Metric,
100nF,C34,C_0805_2012Metric,
100nF,C21,C_0805_2012Metric,
DRV8825PWP,DRV2,IC_TPS61196PWPRQ1,
DRV8825PWP,DRV3,IC_TPS61196PWPRQ1,
100nF,C27,C_0402_1005Metric,
10nF,C25,C_0805_2012Metric,
11k,R9,R_0805_2012Metric,
15pF,C10,C_0402_1005Metric,
2.2uF,C19,C_0805_2012Metric,
LED_RED,D2,LED_0805_2012Metric,
100m,R27,R_1206_3216Metric,
100nF,C4,C_0805_2012Metric,
100nF,C24,C_0805_2012Metric,
5.1k,R8,R_0805_2012Metric,
STM32F411RETx,U1,LQFP-64_10x10mm_P0.5mm,
100m,R16,R_1206_3216Metric,
100nF,C14,C_0805_2012Metric,
15k,R7,R_0805_2012Metric,
15k,R5,R_0805_2012Metric,
100nF,C33,C_0805_2012Metric,
1M,R28,R_0805_2012Metric,
100m,R13,R_1206_3216Metric,
25MHZ 12PF,Y2,Crystal_SMD_3225-4Pin_3.2x2.5mm,
15pF,C7,C_0402_1005Metric,
100nF,C31,C_0805_2012Metric,
100m,R15,R_1206_3216Metric,
9.1k,R12,R_0805_2012Metric,
100m,R24,R_1206_3216Metric,
CP2102-GMR,U7,VFQFN-28-1EP_5x5mm,
DRV8825PWP,DRV4,IC_TPS61196PWPRQ1,
10k,R1,R_0805_2012Metric,
100nF,C16,C_0402_1005Metric,
