"Source:","/home/vandi/matura/Doodle Drive/Doodle Drive.kicad_sch"
"Date:","Sun Oct 22 00:24:27 2023"
"Tool:","Eeschema 7.0.8"
"Generator:","/usr/share/kicad/plugins/bom_csv_grouped_by_value_with_fp.py"
"Component Count:","43"
"Ref","Qnty","Value","Cmp name","Footprint","Description","Vendor","DNP"
"C1, C17","2","1uF","Capacitor_NP","Capacitor_SMD:C_0805_2012Metric","Unpolarized Capacitor","",""
"C2, C3, C4, C5, C8, C12, C13, C14","8","100nF","Capacitor_NP","Capacitor_SMD:C_0805_2012Metric","Unpolarized Capacitor","",""
"C6, C7","2","12pF","Capacitor_NP","Capacitor_SMD:C_0805_2012Metric","Unpolarized Capacitor","",""
"C9, C10","2","15pF","Capacitor_NP","Capacitor_SMD:C_0805_2012Metric","Unpolarized Capacitor","",""
"C11","1","0.1pF","Capacitor_NP","Capacitor_SMD:C_0402_1005Metric","Unpolarized Capacitor","",""
"C19","1","2.2uF","Capacitor_NP","Capacitor_SMD:C_0805_2012Metric","Unpolarized Capacitor","",""
"D1","1","LED_GREEN","LED","LED_SMD:LED_0805_2012Metric","Light emitting diode","",""
"D2","1","LED_RED","LED","LED_SMD:LED_0805_2012Metric","Light emitting diode","",""
"D3","1","BAT54C","BAT54C","Package_TO_SOT_SMD:SOT-23","dual schottky barrier diode, common cathode","",""
"J1","1","USB_C_Receptacle","USB_C_Receptacle","Connector_USB:USB_C_Receptacle_G-Switch_GT-USB-7010ASV","USB Full-Featured Type-C Receptacle connector","",""
"J2","1","PINHD_1x4_Male","PINHD_1x4_Male","Connector_PinHeader_2.54mm:PinHeader_1x04_P2.54mm_Vertical","Pin Header male with pin space 2.54mm. Pin Count -4","",""
"L1","1","10uH ±10%","L_Iron","Inductor_SMD:L_0805_2012Metric","Inductor with iron core","",""
"R1, R2","2","10k","Resistor","Resistor_SMD:R_0805_2012Metric","0.25W Resistor","",""
"R3, R5","2","5.1k","Resistor","Resistor_SMD:R_0805_2012Metric","0.25W Resistor","",""
"R4","1","0","Resistor","Resistor_SMD:R_0805_2012Metric","0.25W Resistor","",""
"R6, R7","2","10","Resistor","Resistor_SMD:R_0805_2012Metric","0.25W Resistor","",""
"R8","1","1k","Resistor","Resistor_SMD:R_0805_2012Metric","0.25W Resistor","",""
"SW1, SW2, SW3","3","Push_Button","Push_Button","Button_Switch_SMD:SW_SPST_B3U-1000P","Common 6mmx6mm Push Button","",""
"U1","1","STM32F401CEUx","STM32F401CEUx","Package_DFN_QFN:QFN-48-1EP_7x7mm_P0.5mm_EP5.6x5.6mm","STMicroelectronics Arm Cortex-M4 MCU, 512KB flash, 96KB RAM, 84 MHz, 1.7-3.6V, 36 GPIO, UFQFPN48","",""
"U2, U3, U4, U5","4","DRV8825PWP","DRV8825PWP","DRV8825PWP:IC_TPS61196PWPRQ1","","",""
"U6","1","AP7343-30W5-7","AP7343-30W5-7","AP7343-30W5-7:SOT95P285X145-5N","","",""
"U7","1","STM32F411RETx","STM32F411RETx","Package_QFP:LQFP-64_10x10mm_P0.5mm","STMicroelectronics Arm Cortex-M4 MCU, 512KB flash, 128KB RAM, 100 MHz, 1.7-3.6V, 50 GPIO, LQFP64","",""
"U8","1","W25Q32JVSS","W25Q32JVSS","Package_SO:SOIC-8_5.23x5.23mm_P1.27mm","32Mb Serial Flash Memory, Standard/Dual/Quad SPI, SOIC-8","",""
"Y1","1","32.768KHz ±20ppm 12.5pF","Crystal","Crystal:Crystal_SMD_3215-2Pin_3.2x1.5mm","Two pin crystal","",""
"Y3","1","25MHZ 9PF","Crystal_GND24","Crystal:Crystal_SMD_3225-4Pin_3.2x2.5mm","Four pin crystal, GND on pins 2 and 4","",""
